id,title,score,airedfrom,airedto,episodes,type,status,source,rating,members,duration,rank,popularity,favorites,description
1,Cowboy Bebop,8.81,1998-04-03 00:00:00,1999-04-24 00:00:00,26,TV,Finished Airing,Original,R - 17+ (violence &amp; profanity),758.864,24 min. per ep.,27,38,41.714,"In the year 2071, humanity has colonized several of the planets and moons of the solar system leaving the now uninhabitable surface of planet Earth behind. The Inter Solar System Police attempts to keep peace in the galaxy, aided in part by outlaw bounty hunters, referred to as &quot;Cowboys.&quot; The ragtag team aboard the spaceship Bebop are two such individuals. Mellow and carefree Spike Spiegel is balanced by his boisterous, pragmatic partner Jet Black as the pair makes a living chasing bounties and collecting rewards. Thrown off course by the addition of new members that they meet in their travels—Ein, a genetically engineered, highly intelligent Welsh Corgi; femme fatale Faye Valentine, an enigmatic trickster with memory loss; and the strange computer whiz kid Edward Wong—the crew embarks on thrilling adventures that unravel each member&#039;s dark and mysterious past little by little. Well-balanced with high density action and light-hearted comedy, Cowboy Bebop is a space Western classic and an homage to the smooth and improvised music it is named after. [Written by MAL Rewrite]"
21,One Piece,8.53,1999-10-20 00:00:00,,,TV,Currently Airing,Manga,PG-13 - Teens 13 or older,767.265,24 min.,91,37,73.849,"Gol D. Roger was known as the &quot;Pirate King,&quot; the strongest and most infamous being to have sailed the Grand Line. The capture and execution of Roger by the World Government brought a change throughout the world. His last words before his death revealed the existence of the greatest treasure in the world, One Piece. It was this revelation that brought about the Grand Age of Pirates, men who dreamed of finding One Piece—which promises an unlimited amount of riches and fame—and quite possibly the pinnacle of glory and the title of the Pirate King. Enter Monkey D. Luffy, a 17-year-old boy who defies your standard definition of a pirate. Rather than the popular persona of a wicked, hardened, toothless pirate ransacking villages for fun, Luffy’s reason for being a pirate is one of pure wonder: the thought of an exciting adventure that leads him to intriguing people and ultimately, the promised treasure. Following in the footsteps of his childhood hero, Luffy and his crew travel across the Grand Line, experiencing crazy adventures, unveiling dark mysteries and battling strong enemies, all in order to reach the most coveted of all fortunes—One Piece. [Written by MAL Rewrite] "
164,Mononoke Hime,8.79,1997-07-12 00:00:00,,1,Movie,Finished Airing,Original,PG-13 - Teens 13 or older,543.348,2 hr. 15 min.,30,80,11.384,"When an Emishi village is attacked by a fierce demon boar, the young prince Ashitaka puts his life at stake to defend his tribe. With its dying breath, the beast curses the prince&#039;s arm, granting him demonic powers while gradually siphoning his life away. Instructed by the village elders to travel westward for a cure, Ashitaka arrives at Tatara, the Iron Town, where he finds himself embroiled in a fierce conflict: Lady Eboshi of Tatara, promoting constant deforestation, stands against Princess San and the sacred spirits of the forest, who are furious at the destruction brought by the humans. As the opposing forces of nature and mankind begin to clash in a desperate struggle for survival, Ashitaka attempts to seek harmony between the two, all the while battling the latent demon inside of him. Princess Mononoke is a tale depicting the connection of technology and nature, while showing the path to harmony that could be achieved by mutual acceptance. [Written by MAL Rewrite]"
199,Sen to Chihiro no Kamikakushi,8.91,2001-07-20 00:00:00,,1,Movie,Finished Airing,Original,PG - Children,753.659,2 hr. 5 min.,18,40,16.399,"Stubborn, spoiled, and naïve, 10-year-old Chihiro Ogino is less than pleased when she and her parents discover an abandoned amusement park on the way to their new house. Cautiously venturing inside, she realizes that there is more to this place than meets the eye, as strange things begin to happen once dusk falls. Ghostly apparitions and food that turns her parents into pigs are just the start—Chihiro has unwittingly crossed over into the spirit world. Now trapped, she must summon the courage to live and work amongst spirits, with the help of the enigmatic Haku and the cast of unique characters she meets along the way. Vivid and intriguing, Sen to Chihiro no Kamikakushi tells the story of Chihiro&#039;s journey through an unfamiliar world as she strives to save her parents and return home. [Written by MAL Rewrite]"
245,Great Teacher Onizuka,8.73,1999-06-30 00:00:00,2000-09-17 00:00:00,43,TV,Finished Airing,Manga,R - 17+ (violence &amp; profanity),381.884,25 min. per ep.,38,152,14.735,"Onizuka is a reformed biker gang leader who has his sights set on an honorable new ambition: to become the world&#039;s greatest teacher... for the purpose of meeting sexy high school girls. Okay, so he&#039;s mostly reformed. However, strict administrators and a class of ruthless delinquents stand between Onizuka and his goal and they will use any means, however illegal or low, to drive the new teacher away. Perfect, because Onizuka&#039;s methods won&#039;t be found in any teaching manual; he cares about the difference between legal and illegal activities about as much as he cares for the age difference between himself and a high school girl. So get ready for math that doesn&#039;t add up, language you&#039;d be slapped for using, and biology that would make a grown man blush... unless of course, you&#039;re the Great Teacher Onizuka. [Written by MAL Rewrite]"
263,Hajime no Ippo,8.79,2000-10-04 00:00:00,2002-03-27 00:00:00,75,TV,Finished Airing,Manga,PG-13 - Teens 13 or older,245.342,23 min. per ep.,29,317,11.337,"Makunouchi Ippo has been bullied his entire life. Constantly running errands and being beaten up by his classmates, Ippo has always dreamed of changing himself, but never has the passion to act upon it. One day, in the midst of yet another bullying, Ippo is saved by Takamura Mamoru, who happens to be a boxer. Ippo faints from his injuries and is brought to the Kamogawa boxing gym to recover. As he regains consciousness, he is awed and amazed at his new surroundings in the gym, though lacks confidence to attempt anything. Takamura places a photo of Ippo&#039;s classmate on a punching bag and forces him to punch it. It is only then that Ippo feels something stir inside him and eventually asks Takamura to train him in boxing. Thinking that Ippo does not have what it takes, Takamura gives him a task deemed impossible and gives him a one week time limit. With a sudden desire to get stronger, for himself and his hard working mother, Ippo trains relentlessly to accomplish the task within the time limit. Thus Ippo&#039;s journey to the top of the boxing world begins. [Written by MAL Rewrite]"
431,Howl no Ugoku Shiro,8.73,2004-11-20 00:00:00,,1,Movie,Finished Airing,Novel,G - All Ages,512.553,1 hr. 59 min.,39,87,10.4,"That jumbled piece of architecture, that cacophony of hissing steam and creaking joints, with smoke billowing from it as it moves on its own... That castle is home to the magnificent wizard Howl, infamous for both his magical prowess and for being a womanizer—or so the rumor goes in Sophie Hatter&#039;s small town. Sophie, as the plain daughter of a hatmaker, does not expect much from her future and is content with working hard in the shop. However, Sophie&#039;s simple life takes a turn for the exciting when she is ensnared in a disturbing situation, and the mysterious wizard appears to rescue her. Unfortunately, this encounter, brief as it may be, spurs the vain and vengeful Witch of the Waste—in a fit of jealousy caused by a past discord with Howl—to put a curse on the maiden, turning her into an old woman. In an endeavor to return to normal, Sophie must accompany Howl and a myriad of eccentric companions—ranging from a powerful fire demon to a hopping scarecrow—in his living castle, on a dangerous adventure as a raging war tears their kingdom apart. [Written by MAL Rewrite]"
457,Mushishi,8.73,2005-10-23 00:00:00,2006-06-19 00:00:00,26,TV,Finished Airing,Manga,PG-13 - Teens 13 or older,430.788,25 min. per ep.,40,121,18.702,"&quot;Mushi&quot;: the most basic forms of life in the world. They exist without any goals or purposes aside from simply &quot;being.&quot; They are beyond the shackles of the words &quot;good&quot; and &quot;evil.&quot; Mushi can exist in countless forms and are capable of mimicking things from the natural world such as plants, diseases, and even phenomena like rainbows. This is, however, just a vague definition of these entities that inhabit the vibrant world of Mushishi, as to even call them a form of life would be an oversimplification. Detailed information on Mushi is scarce because the majority of humans are unaware of their existence. So what are Mushi and why do they exist? This is the question that a &quot;Mushishi,&quot; Ginko, ponders constantly. Mushishi are those who research Mushi in hopes of understanding their place in the world&#039;s hierarchy of life. Ginko chases rumors of occurrences that could be tied to Mushi, all for the sake of finding an answer. It could, after all, lead to the meaning of life itself. [Written by MAL Rewrite]"
777,Hellsing Ultimate,8.51,2006-02-10 00:00:00,2012-12-26 00:00:00,10,OVA,Finished Airing,Manga,R - 17+ (violence &amp; profanity),452.489,50 min. per ep.,95,106,14.055,"There exist creatures of darkness and evil that plague the night, devouring any human unfortunate enough to be caught in their grasp. On the other side is Hellsing, an organization dedicated to destroying these supernatural forces that threaten the very existence of humanity. At its head is Integra Fairbrook Wingates Hellsing, who commands a powerful military and spends her life fighting the undead. Integra&#039;s vast army, however, pales in comparison with her ultimate weapon: the vampire Alucard, who works against his own kind as an exterminator for Hellsing. With his new vampire servant, Seras Victoria, at his side, Alucard must battle not only monsters, but all those who stand to oppose Hellsing, be they in the guise of good or evil. In a battle for mankind&#039;s survival, Hellsing Ultimate proves that appearances are not all they may seem, and sometimes the greatest weapon can come in the form of one&#039;s worst nightmare. [Written by MAL Rewrite]"
820,Ginga Eiyuu Densetsu,9.11,1988-01-08 00:00:00,1997-03-17 00:00:00,110,OVA,Finished Airing,Novel,R - 17+ (violence &amp; profanity),135.83,26 min. per ep.,5,665,9.18,"The 150-year-long stalemate between the two interstellar superpowers, the Galactic Empire and the Free Planets Alliance, comes to an end when a new generation of leaders arises: the idealistic military genius Reinhard von Lohengramm, and the FPA&#039;s reserved historian, Yang Wenli. While Reinhard climbs the ranks of the Empire with the aid of his childhood friend, Siegfried Kircheis, he must fight not only the war, but also the remnants of the crumbling Goldenbaum Dynasty in order to free his sister from the Kaiser and unify humanity under one genuine ruler. Meanwhile, on the other side of the galaxy, Yang—a strong supporter of democratic ideals—has to stand firm in his beliefs, despite the struggles of the FPA, and show his pupil, Julian Mintz, that autocracy is not the solution. As ideologies clash amidst the war&#039;s many casualties, the two strategic masterminds must ask themselves what the real reason behind their battle is. [Written by MAL Rewrite]"
1535,Death Note,8.67,2006-10-04 00:00:00,2007-06-27 00:00:00,37,TV,Finished Airing,Manga,R - 17+ (violence &amp; profanity),,23 min. per ep.,52,1,92.87,"A shinigami, as a god of death, can kill any person—provided they see their victim&#039;s face and write their victim&#039;s name in a notebook called a Death Note. One day, Ryuk, bored by the shinigami lifestyle and interested in seeing how a human would use a Death Note, drops one into the human realm. High school student and prodigy Light Yagami stumbles upon the Death Note and—since he deplores the state of the world—tests the deadly notebook by writing a criminal&#039;s name in it. When the criminal dies immediately following his experiment with the Death Note, Light is greatly surprised and quickly recognizes how devastating the power that has fallen into his hands could be. With this divine capability, Light decides to extinguish all criminals in order to build a new world where crime does not exist and people worship him as a god. Police, however, quickly discover that a serial killer is targeting criminals and, consequently, try to apprehend the culprit. To do this, the Japanese investigators count on the assistance of the best detective in the world: a young and eccentric man known only by the name of L. [Written by MAL Rewrite]"
1575,Code Geass: Hangyaku no Lelouch,8.78,2006-10-06 00:00:00,2007-07-29 00:00:00,25,TV,Finished Airing,Original,R - 17+ (violence &amp; profanity),,24 min. per ep.,31,10,66.591,"In the year 2010, the Holy Empire of Britannia is establishing itself as a dominant military nation, starting with the conquest of Japan. Renamed to Area 11 after its swift defeat, Japan has seen significant resistance against these tyrants in an attempt to regain independence. Lelouch Lamperouge, exiled prince of Britannia, unfortunately finds himself caught in a crossfire between the two nations&#039; armed forces. He is able to escape, however, thanks to the timely appearance of a mysterious girl named C.C., who bestows upon him Geass, the &quot;Power of Kings.&quot; Realizing the vast potential of his newfound &quot;power of absolute obedience,&quot; Lelouch embarks upon a perilous journey as the masked vigilante known as Zero, leading a merciless onslaught against Britannia in order to get revenge once and for all. [Written by MAL Rewrite]"
2001,Tengen Toppa Gurren Lagann,8.73,2007-04-01 00:00:00,2007-09-30 00:00:00,27,TV,Finished Airing,Original,PG-13 - Teens 13 or older,836.089,24 min. per ep.,42,22,52.61,"Simon and Kamina were born and raised in a deep, underground village, hidden from the fabled surface. Kamina is a free-spirited loose cannon bent on making a name for himself, while Simon is a timid young boy with no real aspirations. One day while excavating the earth, Simon stumbles upon a mysterious object that turns out to be the ignition key to an ancient artifact of war, which the duo dubs Lagann. Using their new weapon, Simon and Kamina fend off a surprise attack from the surface with the help of Yoko Littner, a hot-blooded redhead wielding a massive gun who wanders the world above. In the aftermath of the battle, the sky is now in plain view, prompting Simon and Kamina to set off on a journey alongside Yoko to explore the wastelands of the surface. Soon, they join the fight against the &quot;Beastmen,&quot; humanoid creatures that terrorize the remnants of humanity in powerful robots called &quot;Gunmen.&quot; Although they face some challenges and setbacks, the trio bravely fights these new enemies alongside other survivors to reclaim the surface, while slowly unraveling a galaxy-sized mystery. [Written by MAL Rewrite]"
2904,Code Geass: Hangyaku no Lelouch R2,8.94,2008-04-06 00:00:00,2008-09-28 00:00:00,25,TV,Finished Airing,Original,R - 17+ (violence &amp; profanity),835.692,24 min. per ep.,17,23,46.19,"One year has passed since the Black Rebellion, a failed uprising against the Holy Britannian Empire led by the masked vigilante Zero, who is now missing. At a loss without their revolutionary leader, Area 11&#039;s resistance group—the Black Knights—find themselves too powerless to combat the brutality inflicted upon the Elevens by Britannia, which has increased significantly in order to crush any hope of a future revolt. Lelouch Lamperouge, having lost all memory of his double life, is living peacefully alongside his friends as a high school student at Ashford Academy. His former partner C.C., unable to accept this turn of events, takes it upon herself to remind him of his past purpose, hoping that the mastermind Zero will rise once again to finish what he started, in this thrilling conclusion to the series. [Written by MAL Rewrite] "
2921,Ashita no Joe 2,8.62,1980-10-13 00:00:00,1981-08-31 00:00:00,47,TV,Finished Airing,Manga,PG-13 - Teens 13 or older,14.557,24 min. per ep.,66,3306,646.0,"Yabuki Joe is left downhearted and hopeless after a certain tragic event. In attempt to put the past behind him, Joe leaves the gym behind and begins wandering. On his travels he comes across the likes of Wolf Kanagushi and Goromaki Gondo, men who unintentionally fan the dying embers inside him, leading him to putting his wanderings to an end. His return home puts Joe back on the path to boxing, but unknown to himself and his trainer, he now suffers deep-set issues holding him back from fighting. In attempt to quell those issues, Carlos Rivera, a world renowned boxer is invited from Venezuela to help Joe recover."
3297,Aria The Origination,8.58,2008-01-08 00:00:00,2008-04-01 00:00:00,13,TV,Finished Airing,Manga,G - All Ages,74.267,24 min. per ep.,76,1194,3.055,"In the 24th century on the planet Aqua, three girls—Akari Mizunashi, Alice Carroll, and Aika S. Granzchesta—continue to work hard toward achieving their goal of becoming Prima Undines: professional tour guide gondoliers. Luckily, the girls have the guidance of the three best Prima Undines in Neo-Venezia—Alicia Florence, Athena Glory, and Akira E. Ferrari—who are known as the &quot;Water Fairies&quot; in honor of their skill. With their help, the young apprentices train hard and work to overcome any situations that they find themselves in. Aria The Origination follows the hardships and daily lives of these three young girls, who are doing their best to improve as tour gondoliers in Neo-Venezia, a terraformed replica of Venice. [Written by MAL Rewrite]"
4181,Clannad: After Story,9.0,2008-10-03 00:00:00,2009-03-27 00:00:00,24,TV,Finished Airing,Visual novel,PG-13 - Teens 13 or older,637.329,24 min. per ep.,12,57,48.944,"Clannad: After Story, the sequel to the critically acclaimed slice-of-life series Clannad, begins after Tomoya Okazaki and Nagisa Furukawa graduate from high school. Together, they experience the emotional rollercoaster of growing up. Unable to decide on a course for his future, Tomoya learns the value of a strong work ethic and discovers the strength of Nagisa&#039;s support. Through the couple&#039;s dedication and unity of purpose, they push forward to confront their personal problems, deepen their old relationships, and create new bonds. Time also moves on in the Illusionary World. As the plains grow cold with the approach of winter, the Illusionary Girl and the Garbage Doll are presented with a difficult situation that reveals the World&#039;s true purpose. Based on the visual novel by Key and produced by Kyoto Animation, Clannad: After Story is an impactful drama highlighting the importance of family and the struggles of adulthood. [Written by MAL Rewrite]"
4282,Kara no Kyoukai 5: Mujun Rasen,8.62,2008-08-16 00:00:00,,1,Movie,Finished Airing,Light novel,R - 17+ (violence &amp; profanity),145.672,1 hr. 54 min.,67,617,3.077,"In November 1998, a double homicide occurs at the newly constructed Ogawa apartment complex in the heart of Mifune City. The murderer, Tomoe Enjou, has fled in a panic. To his astonishment, he is not pursued by the police and news of the incident has not been reported through media outlets. After Shiki Ryougi defends Tomoe from a group of thugs, she allows him to use her residence as a hideout. However, a few days later, Tomoe is shaken to discover that his mother is alive, even though he is convinced that he killed her. Coincidentally, Mikiya Kokutou is investigating a tip that his associate Touko Aozaki receives regarding the murder at the unique apartment complex. As he uncovers more information about the incident, Mikiya takes a particular interest in Tomoe. Deciding to investigate him further, Mikiya soon discovers the disturbing truth of the foreboding Ogawa complex. The fifth installment of the Kara no Kyoukai film series, Mujun Rasen combines an intricately constructed mystery with established themes and characters to produce a dark, thought-provoking story. [Written by MAL Rewrite]"
4565,Tengen Toppa Gurren Lagann Movie 2: Lagann-hen,8.62,2009-04-22 00:00:00,,1,Movie,Finished Airing,Original,R+ - Mild Nudity,121.08,2 hr. 5 min.,69,763,607.0,"Humans have enjoyed their lavish, peaceful, and prosperous lives for seven years since the day the almighty Spiral King was defeated—the day they reclaimed their homeland, Earth. However, the boon of this lifestyle leaves them unprepared when an unknown, hostile threat arises due to the ever-growing human population. This calamity is the Anti-Spiral—a fearsome enemy with unparalleled power. As the Spiral King&#039;s prognosis postulating the destruction of &quot;The Spiral&#039;s World&quot; begins to come true, the pieces are in place, and Team Dai-Gurren is ready. With his late brother&#039;s hope to see a better future for mankind, Simon—along with Nia Teppelin and the rest of the team—is determined to overthrow the mighty Anti-Spiral in order to revive humanity&#039;s lost hope. [Written by MAL Rewrite] "
5114,Fullmetal Alchemist: Brotherhood,9.25,2009-04-05 00:00:00,2010-07-04 00:00:00,64,TV,Finished Airing,Manga,R - 17+ (violence &amp; profanity),,24 min. per ep.,1,4,114.744,"&quot;In order for something to be obtained, something of equal value must be lost.&quot; Alchemy is bound by this Law of Equivalent Exchange—something the young brothers Edward and Alphonse Elric only realize after attempting human transmutation: the one forbidden act of alchemy. They pay a terrible price for their transgression—Edward loses his left leg, Alphonse his physical body. It is only by the desperate sacrifice of Edward&#039;s right arm that he is able to affix Alphonse&#039;s soul to a suit of armor. Devastated and alone, it is the hope that they would both eventually return to their original bodies that gives Edward the inspiration to obtain metal limbs called &quot;automail&quot; and become a state alchemist, the Fullmetal Alchemist. Three years of searching later, the brothers seek the Philosopher&#039;s Stone, a mythical relic that allows an alchemist to overcome the Law of Equivalent Exchange. Even with military allies Colonel Roy Mustang, Lieutenant Riza Hawkeye, and Lieutenant Colonel Maes Hughes on their side, the brothers find themselves caught up in a nationwide conspiracy that leads them not only to the true nature of the elusive Philosopher&#039;s Stone, but their country&#039;s murky history as well. In between finding a serial killer and racing against time, Edward and Alphonse must ask themselves if what they are doing will make them human again... or take away their humanity. [Written by MAL Rewrite]"
5258,Hajime no Ippo: New Challenger,8.72,2009-01-07 00:00:00,2009-07-01 00:00:00,26,TV,Finished Airing,Manga,PG-13 - Teens 13 or older,134.236,23 min. per ep.,43,672,1.131,"Japanese Featherweight Champion Ippo Makunouchi has successfully defended and retained his title. Meanwhile, his rival, Ichirou Miyata, has resurfaced in Japan, aiming for his own Featherweight belt in the Oriental Pacific Boxing Federation. When the rest of the world comes knocking, however, will Japan&#039;s best fighters rise to the challenge and achieve glory at the top? Or will the small island nation be crushed under the weight of greater entities? This time, champions will become challengers issuing a call to the rest of the world and ready to show off their fighting spirit! [Written by MAL Rewrite]"
5300,Zoku Natsume Yuujinchou,8.62,2009-01-06 00:00:00,2009-03-31 00:00:00,13,TV,Finished Airing,Manga,PG-13 - Teens 13 or older,153.539,24 min. per ep.,70,584,1.232,"As with its prequel, Zoku Natsume Yuujinchou is about Takashi Natsume, a boy who has had the ability to see youkai since he was young, and his bodyguard youkai Madara, nicknamed Nyanko-sensei. Natsume attempts to return names written in his &quot;Book of Friends&quot; (which he inherited from his grandmother Reiko) to youkai in his village. Throughout these adventures, he meets some youkai that are friendly, some that want to steal the Book, and some that want to kill him, as Natsume learns about himself and his relationship with these mysterious beings along the way. [Written by MAL Rewrite]"
7311,Suzumiya Haruhi no Shoushitsu,8.72,2010-02-06 00:00:00,,1,Movie,Finished Airing,Light novel,PG-13 - Teens 13 or older,341.426,2 hr. 42 min.,45,186,8.865,"One cold Christmas day, Kyon heads over to school and the SOS Brigade&#039;s holiday celebration, only to realize that Haruhi Suzumiya seems to have disappeared. Moreover, no one even remembers her or the SOS Brigade; Mikuru Asahina knows nothing and is now afraid of him, and Itsuki Koizumi has also gone missing. The Literature Club, formed only by an uncharacteristically shy Yuki Nagato, now occupies the old SOS club room. Suzumiya Haruhi no Shoushitsu is based on the fourth light novel of the acclaimed Haruhi series and is set after the events of the anime series. Not uncultured in the supernatural, Kyon will have to deal with his whole life turned upside down like a bad joke, and maybe it&#039;s better that way. [Written by MAL Rewrite]"
7472,Gintama Movie 1: Shinyaku Benizakura-hen,8.56,2010-04-24 00:00:00,,1,Movie,Finished Airing,Manga,R - 17+ (violence &amp; profanity),76.988,1 hr. 35 min.,79,1152,342.0,"Gintoki and his Yorozuya friends (or rather, employees suffering under labor violations), Shinpachi and Kagura, continue to scrape by in the futuristic, alien-infested city of Edo. They take on whatever work they can find while trying not to get involved in anything too dangerous. But when Katsura, the leader of the Joui rebels and Gintoki&#039;s long-time acquaintance, disappears after being brutally attacked by an unknown assassin, Shinpachi and Kagura begin an investigation into his whereabouts and the identity of the assailant. Meanwhile, Gintoki takes on a seemingly unrelated job: the blacksmith Tetsuya requests that Gin recover a strange and powerful sword called the Benizakura which was recently stolen. As the two investigations gradually intersect, the Yorozuya crew find themselves in the midst of a major conspiracy that hinges on the sinister nature of the Benizakura sword. Gintoki resolves to take the fight directly to the enemy headquarters, and together with a few unexpected allies, sets out on one of his most perilous jobs yet. [Written by MAL Rewrite]"
7785,Yojouhan Shinwa Taikei,8.65,2010-04-23 00:00:00,2010-07-02 00:00:00,11,TV,Finished Airing,Novel,R - 17+ (violence &amp; profanity),197.572,23 min. per ep.,60,418,10.11,"One autumn evening at a mysterious ramen stand behind the Shimogamo Shrine, a lonely third-year college student bumps into a man with an eggplant-shaped head who calls himself a god of matrimony. Meeting this man causes the student to reflect upon his past two years at college—two years bitterly spent trying to break up couples on campus with his only friend Ozu, a ghoulish-looking man seemingly set on making his life as miserable as possible. Resolving to make the most out of the rest of his college life, the student attempts to ask out the unsociable but kind-hearted underclassman Akashi, yet fails to follow through, prompting him to regret not living out his college life differently. As soon as this thought passes through his head, however, he is hurtled through time and space to the beginning of his years at college and given another chance to live his life. Surreal, artistic, and mind-bending, Yojouhan Shinwa Taikei chronicles the misadventures of a young man on a journey to make friends, find love, and experience the rose-colored campus life he always dreamed of. [Written by MAL Rewrite]"
9253,Steins;Gate,9.14,2011-04-06 00:00:00,2011-09-14 00:00:00,24,TV,Finished Airing,Visual novel,PG-13 - Teens 13 or older,,24 min. per ep.,4,7,99.783,"The self-proclaimed mad scientist Rintarou Okabe rents out a room in a rickety old building in Akihabara, where he indulges himself in his hobby of inventing prospective &quot;future gadgets&quot; with fellow lab members: Mayuri Shiina, his air-headed childhood friend, and Hashida Itaru, a perverted hacker nicknamed &quot;Daru.&quot; The three pass the time by tinkering with their most promising contraption yet, a machine dubbed the &quot;Phone Microwave,&quot; which performs the strange function of morphing bananas into piles of green gel. Though miraculous in itself, the phenomenon doesn&#039;t provide anything concrete in Okabe&#039;s search for a scientific breakthrough; that is, until the lab members are spurred into action by a string of mysterious happenings before stumbling upon an unexpected success—the Phone Microwave can send emails to the past, altering the flow of history. Adapted from the critically acclaimed visual novel by 5pb. and Nitroplus, Steins;Gate takes Okabe through the depths of scientific theory and practicality. Forced across the diverging threads of past and present, Okabe must shoulder the burdens that come with holding the key to the realm of time. [Written by MAL Rewrite]"
9969,Gintama&#039;,9.1,2011-04-04 00:00:00,2012-03-26 00:00:00,51,TV,Finished Airing,Manga,PG-13 - Teens 13 or older,229.587,24 min. per ep.,7,338,4.676,"After a one-year hiatus, Shinpachi Shimura returns to Edo, only to stumble upon a shocking surprise: Gintoki and Kagura, his fellow Yorozuya members, have become completely different characters! Fleeing from the Yorozuya headquarters in confusion, Shinpachi finds that all the denizens of Edo have undergone impossibly extreme changes, in both appearance and personality. Most unbelievably, his sister Otae has married the Shinsengumi chief and shameless stalker Isao Kondou and is pregnant with their first child. Bewildered, Shinpachi agrees to join the Shinsengumi at Otae and Kondou&#039;s request and finds even more startling transformations afoot both in and out of the ranks of the the organization. However, discovering that Vice Chief Toushirou Hijikata has remained unchanged, Shinpachi and his unlikely Shinsengumi ally set out to return the city of Edo to how they remember it. With even more dirty jokes, tongue-in-cheek parodies, and shameless references, Gintama&#039; follows the Yorozuya team through more of their misadventures in the vibrant, alien-filled world of Edo. [Written by MAL Rewrite] "
9989,Ano Hi Mita Hana no Namae wo Bokutachi wa Mada Shiranai.,8.54,2011-04-15 00:00:00,2011-06-24 00:00:00,11,TV,Finished Airing,Original,PG-13 - Teens 13 or older,703.916,22 min. per ep.,85,45,22.211,"Jinta Yadomi is peacefully living as a recluse, spending his days away from school and playing video games at home instead. One hot summer day, his childhood friend, Meiko &quot;Menma&quot; Honma, appears and pesters him to grant a forgotten wish. He pays her no mind, which annoys her, but he doesn&#039;t really care. After all, Menma already died years ago. At first, Jinta thinks that he is merely hallucinating due to the summer heat, but he is later on convinced that what he sees truly is the ghost of Menma. Jinta and his group of childhood friends grew apart after her untimely death, but they are drawn together once more as they try to lay Menma&#039;s spirit to rest. Re-living their pain and guilt, will they be able to find the strength to help not only Menma move on—but themselves as well? [Written by MAL Rewrite]"
10162,Usagi Drop,8.51,2011-07-08 00:00:00,2011-09-16 00:00:00,11,TV,Finished Airing,Manga,PG-13 - Teens 13 or older,283.698,22 min. per ep.,100,260,4.864,"Daikichi Kawachi is a 30-year-old bachelor working a respectable job but otherwise wandering aimlessly through life. When his grandfather suddenly passes away, he returns to the family home to pay his respects. Upon arriving at the house, he meets a mysterious young girl named Rin who, to Daikichi’s astonishment, is his grandfather&#039;s illegitimate daughter! The shy and unapproachable girl is deemed an embarrassment to the family, and finds herself ostracized by her father&#039;s relatives, all of them refusing to take care of her in the wake of his death. Daikichi, angered by their coldness towards Rin, announces that he will take her in—despite the fact that he is a young, single man with no prior childcare experience. Usagi Drop is the story of Daikichi&#039;s journey through fatherhood as he raises Rin with his gentle and affectionate nature, as well as an exploration of the warmth and interdependence that are at the heart of a happy, close-knit family. [Written by MAL Rewrite]"
10379,Natsume Yuujinchou San,8.64,2011-07-05 00:00:00,2011-09-27 00:00:00,13,TV,Finished Airing,Manga,PG-13 - Teens 13 or older,146.009,24 min. per ep.,63,614,1.016,"Natsume Yuujinchou San follows Takashi Natsume, a boy who is able to see youkai. Natsume and his bodyguard Madara, nicknamed Nyanko-sensei, continue on their quest to release youkai from their contracts in the &quot;Book of Friends.&quot; Natsume comes to terms with his ability to see youkai and stops thinking of it as a curse. As he spends more time with his human and youkai friends, he realizes how much he values them both and decides he doesn&#039;t have to choose between the spirit and human worlds to be happy. [Written by MAL Rewrite]"
10408,Hotarubi no Mori e,8.53,2011-09-17 00:00:00,,1,Movie,Finished Airing,Manga,G - All Ages,336.486,45 min.,88,193,5.94,"Intrigued by the tale of a mountain god, six-year-old Hotaru Takegawa loses her way in the ancient forest while visiting her uncle. Exhausted and desperate for help, Hotaru is thrilled to find a masked forest spirit named Gin. She learns the hard way that she should not touch the boy, or he would disappear. In spite of this, Gin leads Hotaru out of the forest and warns her never to return when she promises to come again with a gift. Paying no heed to his cautionary words, and despite being separated by both distance and planes of existence, Hotaru and Gin become close friends as she visits him every summer. However, their relationship and resolve are put to the test, when romantic feelings conflict with the one and only rule. Based on Yuki Midorikawa&#039;s manga of the same name, Hotarubi no Mori e is a tale of friendship and compromise of two people who should never have crossed paths, as their lives become hopelessly intertwined. [Written by MAL Rewrite]"
11061,Hunter x Hunter (2011),9.11,2011-10-02 00:00:00,2014-09-24 00:00:00,148,TV,Finished Airing,Manga,PG-13 - Teens 13 or older,787.49,23 min. per ep.,6,31,71.011,"Hunter x Hunter is set in a world where Hunters exist to perform all manner of dangerous tasks like capturing criminals and bravely searching for lost treasures in uncharted territories. Twelve-year-old Gon Freecss is determined to become the best Hunter possible in hopes of finding his father, who was a Hunter himself and had long ago abandoned his young son. However, Gon soon realizes the path to achieving his goals is far more challenging than he could have ever imagined. Along the way to becoming an official Hunter, Gon befriends the lively doctor-in-training Leorio, vengeful Kurapika, and rebellious ex-assassin Killua. To attain their own goals and desires, together the four of them take the Hunter Exam, notorious for its low success rate and high probability of death. Throughout their journey, Gon and his friends embark on an adventure that puts them through many hardships and struggles. They will meet a plethora of monsters, creatures, and characters—all while learning what being a Hunter truly means. [Written by MAL Rewrite]"
11577,Steins;Gate Movie: Fuka Ryouiki no Déjà vu,8.57,2013-04-20 00:00:00,,1,Movie,Finished Airing,Visual novel,PG-13 - Teens 13 or older,303.842,1 hr. 30 min.,78,231,1.56,"After a year in America, Kurisu Makise returns to Akihabara and reunites with Rintarou Okabe. However, their reunion is cut short when Okabe begins to experience recurring flashes of other timelines as the consequences of his time traveling start to manifest. These side effects eventually culminate in Okabe suddenly vanishing from the world, and only the startled Kurisu has any memory of his existence. In the midst of despair, Kurisu is faced with a truly arduous choice that will test both her duty as a scientist and her loyalty as a friend: follow Okabe&#039;s advice and stay away from traveling through time to avoid the potential consequences it may have on the world lines, or ignore it to rescue the person that she cherishes most. Regardless of her decision, the path she chooses is one that will affect the past, the present, and the future. [Written by MAL Rewrite]"
11665,Natsume Yuujinchou Shi,8.72,2012-01-03 00:00:00,2012-03-27 00:00:00,13,TV,Finished Airing,Manga,PG-13 - Teens 13 or older,139.1,24 min. per ep.,44,647,1.441,"Takashi Natsume, the timid youkai expert and master of the Book of Friends, continues his journey towards self-understanding and acceptance with the help of friends both new and old. His most important ally is still his gluttonous and sake-loving bodyguard, the arrogant but fiercely protective wolf spirit Madara—or Nyanko-sensei, as Madara is called when in his usual disguise of an unassuming, pudgy cat. Natsume, while briefly separated from Nyanko-sensei, is ambushed and kidnapped by a strange group of masked, monkey-like youkai, who have spirited him away to their forest as they desperately search for the Book of Friends. Realizing that his &quot;servant&quot; has been taken out from right under his nose, Nyanko-sensei enlists the help of Natsume&#039;s youkai friends and mounts a rescue operation. However, the forest of the monkey spirits holds many dangerous enemies, including the Matoba Clan, Natsume&#039;s old nemesis. Stretching from the formidable hideout of the Matoba to Natsume&#039;s own childhood home, Natsume Yuujinchou Shi is a sweeping but familiar return to a world of danger and friendship, where Natsume will finally confront the demons of his own past. [Written by MAL Rewrite]"
11741,Fate/Zero 2nd Season,8.65,2012-04-08 00:00:00,2012-06-24 00:00:00,12,TV,Finished Airing,Novel,R - 17+ (violence &amp; profanity),530.877,24 min. per ep.,58,83,11.509,"As the Fourth Holy Grail War rages on with no clear victor in sight, the remaining Servants and their Masters are called upon by Church supervisor Risei Kotomine, in order to band together and confront an impending threat that could unravel the Grail War and bring about the destruction of Fuyuki City. The uneasy truce soon collapses as Masters demonstrate that they will do anything in their power, no matter how despicable, to win. Seeds of doubt are sown between Kiritsugu Emiya and Saber, his Servant, as their conflicting ideologies on heroism and chivalry clash. Meanwhile, an ominous bond forms between Kirei Kotomine, who still seeks to find his purpose in life, and one of the remaining Servants. As the countdown to the end of the war reaches zero, the cost of winning begins to blur the line between victory and defeat. [Written by MAL Rewrite]"
12355,Ookami Kodomo no Ame to Yuki,8.76,2012-07-21 00:00:00,,1,Movie,Finished Airing,Original,PG - Children,384.552,1 hr. 57 min.,35,149,7.492,"Hana, a hard-working college student, falls in love with a mysterious man who attends one of her classes though he is not an actual student. As it turns out, he is not truly human either. On a full moon night, he transforms, revealing that he is the last werewolf alive. Despite this, Hana&#039;s love remains strong, and the two ultimately decide to start a family. Hana gives birth to two healthy children—Ame, born during rainfall, and Yuki, born during snowfall—both possessing the ability to turn into wolves, a trait inherited from their father. All too soon, however, the sudden death of her lover devastates Hana&#039;s life, leaving her to raise a peculiar family completely on her own. The stress of raising her wild-natured children in a densely populated city, all while keeping their identity a secret, culminates in a decision to move to the countryside, where she hopes Ame and Yuki can live a life free from the judgments of society. Wolf Children is the heartwarming story about the challenges of being a single mother in an unforgiving modern world. [Written by MAL Rewrite]"
12365,Bakuman. 3rd Season,8.66,2012-10-06 00:00:00,2013-03-30 00:00:00,25,TV,Finished Airing,Manga,PG-13 - Teens 13 or older,193.106,24 min. per ep.,54,435,2.193,"Onto their third serialization, manga duo Moritaka Mashiro and Akito Takagi—also known by their pen name, Muto Ashirogi—are ever closer to their dream of an anime adaption. However, the real challenge is only just beginning: if they are unable to compete with the artist Eiji Niizuma in the rankings within the span of six months, they will be cancelled. To top it off, numerous rivals are close behind and declaring war. They don&#039;t even have enough time to spare thinking about an anime! In Bakuman. 3rd Season, Muto Ashirogi must find a way to stay atop the colossal mountain known as the Shounen Jack rankings. With new problems and new assistants, the pair continue to strive for their dream. [Written by MAL Rewrite]"
12431,Uchuu Kyoudai,8.55,2012-04-01 00:00:00,2014-03-22 00:00:00,99,TV,Finished Airing,Manga,PG-13 - Teens 13 or older,104.874,24 min. per ep.,84,889,2.621,"On a fateful summer night in 2006, Mutta Nanba and his younger brother Hibito witness what they believe to be a UFO flying toward the Moon. This impressing and unusual phenomenon leads both siblings vowing to become astronauts, with Hibito aiming for the Moon and Mutta, convinced that the eldest brother has to be one step ahead, for Mars. Now an adult, life hasn&#039;t turned out how Mutta had pictured it: he is diligently working in an automotive company, whereas Hibito is on his way to be the very first Japanese man to step on the Moon. However, after losing his job, Mutta is presented with an unexpected opportunity to catch up to his younger brother when the Japanese Aerospace Exploration Agency, commonly known as JAXA, accepts his application to participate in the next astronaut selection. Despite self-doubts about his prospects, Mutta is unwilling to waste this chance of a lifetime, and thus embarks on an ambitious journey to fulfill the promise made 19 years ago. [Written by MAL Rewrite]"
15417,Gintama&#039;: Enchousen,9.06,2012-10-04 00:00:00,2013-03-28 00:00:00,13,TV,Finished Airing,Manga,PG-13 - Teens 13 or older,133.535,24 min. per ep.,9,679,1.599,"While Gintoki Sakata was away, the Yorozuya found themselves a new leader: Kintoki, Gintoki&#039;s golden-haired doppelganger. In order to regain his former position, Gintoki will need the help of those around him, a troubling feat when no one can remember him! Between Kintoki and Gintoki, who will claim the throne as the main character? In addition, Yorozuya make a trip back down to red-light district of Yoshiwara to aid an elderly courtesan in her search for her long-lost lover. Although the district is no longer in chains beneath the earth&#039;s surface, the trio soon learn of the tragic backstories of Yoshiwara&#039;s inhabitants that still haunt them. With flashback after flashback, this quest has Yorozuya witnessing everlasting love and protecting it as best they can with their hearts and souls. Gintama&#039;: Enchousen includes moments of action-packed intensity along with their usual lighthearted, slapstick humor for Gintoki and his friends. [Written by MAL Rewrite]"
17074,Monogatari Series: Second Season,8.77,2013-07-07 00:00:00,2013-12-29 00:00:00,26,TV,Finished Airing,Light novel,R - 17+ (violence &amp; profanity),326.463,24 min. per ep.,33,203,12.82,"Apparitions, oddities, and gods continue to manifest around Koyomi Araragi and his close-knit group of friends: Tsubasa Hanekawa, the group&#039;s modest genius; Shinobu Oshino, the resident doughnut-loving vampire; athletic deviant Suruga Kanbaru; bite-happy spirit Mayoi Hachikuji; Koyomi&#039;s cutesy stalker Nadeko Sengoku; and Hitagi Senjogahara, the poignant tsundere. Monogatari Series: Second Season revolves around these individuals and their struggle to overcome the darkness that is rapidly approaching. A new semester has begun and with graduation looming over Araragi, he must quickly decide the paths he will walk, as well as the relationships and friends that he&#039;ll save. But as strange events begin to unfold, Araragi is nowhere to be found, and a vicious tiger apparition has appeared in his absence. Hanekawa has become its target, and she must fend for herself—or bow to the creature&#039;s perspective on the feebleness of humanity. [Written by MAL Rewrite]"
19647,Hajime no Ippo: Rising,8.66,2013-10-06 00:00:00,2014-03-29 00:00:00,25,TV,Finished Airing,Manga,PG-13 - Teens 13 or older,110.863,22 min. per ep.,55,838,678.0,"Japanese Featherweight Champion Makunouchi Ippo has defended his title belt once more with the help of his devastating signature move: the Dempsey Roll. However, new challengers are rising up left and right, claiming to have an answer for the move responsible for crushing his opponents. Will Ippo be able to step up to the challenge, or will the weight of his pride destroy him before he finds out just what it means to be strong? Meanwhile, fellow Kamogawa Gym mate Aoki Masaru is just a hop, skip, and a Frog Punch away from claiming his own belt, ready to take on the Japanese Lightweight Champion! Hajime no Ippo: Rising continues Ippo&#039;s quest to become stronger, featuring the same cast of loveable dimwits from Kamogawa Gym, as they put their bodies and hearts on the line to make their way in the harsh world of professional boxing. With a will of iron, Ippo steps into the ring once again. [Written by MAL Rewrite]"
21329,Mushishi Special: Hihamukage,8.63,2014-01-04 00:00:00,,1,Special,Finished Airing,Manga,PG-13 - Teens 13 or older,71.961,45 min.,65,1234,108.0,"The entire countryside comes to a halt midday to witness a rare solar eclipse that is rumored to allow the average person to see Mushi. Unable to avert their gaze, the air is full of awe and wonder—but those who know the Mushi are preparing for the eclipse&#039;s aftermath. Based on a prediction from Tanyuu Karibusa, the cursed recorder, Mushishi Ginko finds himself in a very unlucky farming village. Immediately following the solar eclipse, a strange black cloud begins to gather in the sky and blocks the sun once more. Suspecting it to be the work of a Mushi known as Hihami, Ginko seeks to liberate the village from perpetual darkness. However, it seems that not all of the villagers are eager to return to the light. [Written by MAL Rewrite]"
22135,Ping Pong The Animation,8.64,2014-04-11 00:00:00,2014-06-20 00:00:00,11,TV,Finished Airing,Manga,PG-13 - Teens 13 or older,158.98,23 min. per ep.,64,553,7.466,"&quot;The hero comes. The hero comes. The hero comes. Chant these words in your mind, and I&#039;ll surely come to you...&quot; This mantra is what Makoto Tsukimoto repeats as a source of motivation when he fights through the stress of not only grueling ping pong matches, but also in situations of his life. Makoto doesn&#039;t fight alone; he and his friend, Yukata Hoshino, nicknamed Smile and Peco respectively, are two boys who have grown up playing ping pong together nearly every day. Peco, brimming with confidence, aims to be the best table tennis player in the world; Smile, on the other hand, shows little ambition. Nevertheless, the two have always stuck together, with a bond built upon their mutual love for this sport. Every year, students from all across Japan gather for the inter-high table tennis competition to achieve national and international stardom. Through intense training and competition, only the very best persevere. From the avant-garde director of Tatami Galaxy, Masaaki Yuasa, Ping Pong The Animation serves a tale of ambition with its fair share of bumps along the way. Whatever the odds, Peco and Smile will face them together. [Written by MAL Rewrite]"
23273,Shigatsu wa Kimi no Uso,8.87,2014-10-10 00:00:00,2015-03-20 00:00:00,22,TV,Finished Airing,Manga,PG-13 - Teens 13 or older,778.968,22 min. per ep.,20,34,42.904,"Music accompanies the path of the human metronome, the prodigious pianist Kousei Arima. But after the passing of his mother, Saki Arima, Kousei falls into a downward spiral, rendering him unable to hear the sound of his own piano. Two years later, Kousei still avoids the piano, leaving behind his admirers and rivals, and lives a colorless life alongside his friends Tsubaki Sawabe and Ryouta Watari. However, everything changes when he meets a beautiful violinist, Kaori Miyazono, who stirs up his world and sets him on a journey to face music again. Based on the manga series of the same name, Shigatsu wa Kimi no Uso approaches the story of Kousei&#039;s recovery as he discovers that music is more than playing each note perfectly, and a single melody can bring in the fresh spring air of April. [Written by MAL Rewrite]"
24687,Mushishi Zoku Shou: Odoro no Michi,8.51,2014-08-20 00:00:00,,1,Special,Finished Airing,Manga,PG-13 - Teens 13 or older,52.701,47 min.,98,1561,69.0,"Mysterious, unknowable creatures alien to the laws of nature—known only to some and feared by others—&quot;Mushi&quot; lie behind many of life&#039;s strange phenomena. Long ago, a Mushi of terrifying power threatened to extinguish all life. The Minai clan of Mushishi were born from those who stopped this malevolent force, their members bound by duty to serve as retainers to the Karibusa family, within whom the Mushi remains sealed. The Mushishi Ginko is given a job request from Tanyuu Karibusa: oversee the work of the head of the Minai clan, Kumado Minai, in investigating an abandoned village where dead wood and even houses spring back to life as flourishing plants. Though the Minai clan are oddly ruthless among Mushishi, even more peculiar is their widespread dull character, with little appreciation for beauty or sentiment. Tanyuu believes there is more to this trend than meets the eye. Ginko aims to answer her curiosity as he follows Kumado into a &quot;Path of Thorns,&quot; a place where Mushi flow from their own strange sources into the world of the living. Rare and deadly varieties of Mushi lurk in these depths, along with the secret nature of the Minai clan&#039;s resolve to their ancient task. [Written by MAL Rewrite]"
24701,Mushishi Zoku Shou 2nd Season,8.82,2014-10-19 00:00:00,2014-12-21 00:00:00,10,TV,Finished Airing,Manga,PG-13 - Teens 13 or older,127.195,23 min. per ep.,26,719,745.0,"Ghostly, primordial beings known as Mushi continue to cause mysterious changes in the lives of humans. The travelling Mushishi, Ginko, persists in trying to set right the strange and unsettling situations he encounters. Time loops, living shadows, and telepathy are among the overt effects of interference from Mushi, but more subtle symptoms that take years to be noticed also rouse Ginko&#039;s concern as he passes from village to village. Through circumstance, Ginko has become an arbiter, determining which Mushi are blessings and which are curses. But the lines that he seeks to draw are subjective. Some of his patients would rather exercise their new powers until they are utterly consumed by them; others desperately strive to rid themselves of afflictions which are in fact protecting their lives from devastation. Those who cross paths with Mushi must learn to accept seemingly impossible consequences for their actions, and heal wounds they did not know they had. Otherwise, they risk meeting with fates beyond their comprehension. [Written by MAL Rewrite]"
28171,Shokugeki no Souma,8.53,2015-04-04 00:00:00,2015-09-26 00:00:00,24,TV,Finished Airing,Manga,PG-13 - Teens 13 or older,664.536,25 min. per ep.,92,54,16.422,"Ever since he was a child, fifteen-year-old Souma Yukihira has helped his father by working as the sous chef in the restaurant his father runs and owns. Throughout the years, Souma developed a passion for entertaining his customers with his creative, skilled, and daring culinary creations. His dream is to someday own his family&#039;s restaurant as its head chef. Yet when his father suddenly decides to close the restaurant to test his cooking abilities in restaurants around the world, he sends Souma to Tootsuki Culinary Academy, an elite cooking school where only 10 percent of the students graduate. The institution is famous for its &quot;Shokugeki&quot; or &quot;food wars,&quot; where students face off in intense, high-stakes cooking showdowns. As Souma and his new schoolmates struggle to survive the extreme lifestyle of Tootsuki, more and greater challenges await him, putting his years of learning under his father to the test. [Written by MAL Rewrite]"
28851,Koe no Katachi,9.03,2016-09-17 00:00:00,,1,Movie,Finished Airing,Manga,PG-13 - Teens 13 or older,589.162,2 hr. 10 min.,10,66,24.199,"As a wild youth, elementary school student Shouya Ishida sought to beat boredom in the cruelest ways. When the deaf Shouko Nishimiya transfers into his class, Shouya and the rest of his class thoughtlessly bully her for fun. However, when her mother notifies the school, he is singled out and blamed for everything done to her. With Shouko transferring out of the school, Shouya is left at the mercy of his classmates. He is heartlessly ostracized all throughout elementary and middle school, while teachers turn a blind eye. Now in his third year of high school, Shouya is still plagued by his wrongdoings as a young boy. Sincerely regretting his past actions, he sets out on a journey of redemption: to meet Shouko once more and make amends. Koe no Katachi tells the heartwarming tale of Shouya&#039;s reunion with Shouko and his honest attempts to redeem himself, all while being continually haunted by the shadows of his past. [Written by MAL Rewrite]"
28891,Haikyuu!! Second Season,8.86,2015-10-04 00:00:00,2016-03-27 00:00:00,25,TV,Finished Airing,Manga,PG-13 - Teens 13 or older,366.042,24 min. per ep.,21,166,7.002,"Following their participation at the Inter-High, the Karasuno High School volleyball team attempts to refocus their efforts, aiming to conquer the Spring tournament instead. When they receive an invitation from long-standing rival Nekoma High, Karasuno agrees to take part in a large training camp alongside many notable volleyball teams in Tokyo and even some national level players. By playing with some of the toughest teams in Japan, they hope not only to sharpen their skills, but also come up with new attacks that would strengthen them. Moreover, Hinata and Kageyama attempt to devise a more powerful weapon, one that could possibly break the sturdiest of blocks. Facing what may be their last chance at victory before the senior players graduate, the members of Karasuno&#039;s volleyball team must learn to settle their differences and train harder than ever if they hope to overcome formidable opponents old and new—including their archrival Aoba Jousai and its world-class setter Tooru Oikawa. [Written by MAL Rewrite]"
28957,Mushishi Zoku Shou: Suzu no Shizuku,8.7,2015-05-16 00:00:00,,1,Movie,Finished Airing,Manga,PG-13 - Teens 13 or older,60.709,47 min.,48,1418,138.0,"On a warm summer day, a boy heard the sound of bells ringing, as if in celebration, in the mountain near his home. Several years later in that same mountain, the mushishi Ginko encounters a strange girl with weeds growing out of her body. Soon after, Ginko coincidentally runs into the now grown-up boy Yoshiro on his way off the mountain. With Yoshiro’s help, Ginko soon begins to uncover who this mysterious girl is and what happened to her. An adaptation of the last arc in the manga, Mushishi Zoku Shou: Suzu no Shizuku follows Ginko’s peculiar journey amidst the occult to unravel the mystery behind the enigmatic girl called Kaya and the mountain that has become her home. [Written by MAL Rewrite]"
30276,One Punch Man,8.71,2015-10-05 00:00:00,2015-12-21 00:00:00,12,TV,Finished Airing,Web manga,R - 17+ (violence &amp; profanity),,24 min. per ep.,46,5,33.528,"The seemingly ordinary and unimpressive Saitama has a rather unique hobby: being a hero. In order to pursue his childhood dream, he trained relentlessly for three years—and lost all of his hair in the process. Now, Saitama is incredibly powerful, so much so that no enemy is able to defeat him in battle. In fact, all it takes to defeat evildoers with just one punch has led to an unexpected problem—he is no longer able to enjoy the thrill of battling and has become quite bored. This all changes with the arrival of Genos, a 19-year-old cyborg, who wishes to be Saitama&#039;s disciple after seeing what he is capable of. Genos proposes that the two join the Hero Association in order to become certified heroes that will be recognized for their positive contributions to society, and Saitama, shocked that no one knows who he is, quickly agrees. And thus begins the story of One Punch Man, an action-comedy that follows an eccentric individual who longs to fight strong enemies that can hopefully give him the excitement he once felt and just maybe, he&#039;ll become popular in the process. [Written by MAL Rewrite]"
30484,Steins;Gate 0,8.71,2018-04-12 00:00:00,2018-09-27 00:00:00,23,TV,Finished Airing,Visual novel,PG-13 - Teens 13 or older,300.281,23 min. per ep.,47,237,4.248,"The eccentric, self-proclaimed mad scientist Rintarou Okabe has become a shell of his former self. Depressed and traumatized after failing to rescue his friend Makise Kurisu, he has decided to forsake his mad scientist alter ego and live as an ordinary college student. Surrounded by friends who know little of his time travel experiences, Okabe spends his days trying to forget the horrors of his adventures alone. While working as a receptionist at a college technology forum, Okabe meets the short, spunky Maho Hiyajo, who later turns out to be the interpreter at the forum&#039;s presentation, conducted by Professor Alexis Leskinen. In front of a stunned crowd, Alexis and Maho unveil Amadeus—a revolutionary AI capable of storing a person&#039;s memories and creating a perfect simulation of that person complete with their personality and quirks. Meeting with Maho and Alexis after the presentation, Okabe learns that the two were Kurisu&#039;s colleagues in university, and that they have simulated her in Amadeus. Hired by Alexis to research the simulation&#039;s behavior, Okabe is given the chance to interact with the shadow of a long-lost dear friend. Dangerously tangled in the past, Okabe must face the harsh reality and carefully maneuver around the disastrous consequences that come with disturbing the natural flow of time. [Written by MAL Rewrite] "
31757,Kizumonogatari II: Nekketsu-hen,8.68,2016-08-19 00:00:00,,1,Movie,Finished Airing,Light novel,R - 17+ (violence &amp; profanity),156.089,1 hr. 4 min.,49,568,878.0,"After reverting to human from half-vampire, Koyomi Araragi decides to retrieve Kiss-shot Acerola-orion Heart-under-blade&#039;s severed body parts that were stolen by three powerful vampire hunters. Awaiting him are Dramaturgie, a vampire hunter who is a vampire himself; Episode, a half-vampire with the ability to transform into mist; and Guillotinecutter, a human priest who is the most dangerous of them all. Unbeknownst to Araragi, each minute he spends trying to retrieve Kiss-shot&#039;s limbs makes him less of a human and more of a vampire. Will he be able to keep his wish of becoming human once again by the end of his battles? [Written by MAL Rewrite]"
31758,Kizumonogatari III: Reiketsu-hen,8.86,2017-01-06 00:00:00,,1,Movie,Finished Airing,Light novel,R - 17+ (violence &amp; profanity),150.512,1 hr. 23 min.,22,596,1.829,"After helping revive the legendary vampire Kiss-shot Acerola-orion Heart-under-blade, Koyomi Araragi has become a vampire himself and her servant. Kiss-shot is certain she can turn him back into a human, but only once regaining her full power. Araragi has hunted down the three vampire hunters that defeated Kiss-shot and retrieved her limbs to return her to full strength. However, now that Araragi has almost accomplished what he’s been fighting for this whole time, he has to consider if this is what he really wants. Once he revives this powerful immortal vampire, there is no telling what she might do, and there would be no way of stopping her. But there is more to the story that Araragi doesn’t understand. If a newborn vampire like him could defeat the hunters, how did they overpower Kiss-shot? Can he trust her to turn him back to a human? And how is that even possible in the first place? Araragi is at his limit but he must come to a decision, and it may not be possible to resolve this situation without doing something he’ll regret… [Written by MAL Rewrite]"
31933,JoJo no Kimyou na Bouken: Diamond wa Kudakenai,8.64,2016-04-02 00:00:00,2016-12-24 00:00:00,39,TV,Finished Airing,Manga,R - 17+ (violence &amp; profanity),211.238,23 min. per ep.,61,385,8.7,"The year is 1999. Morioh, a normally quiet and peaceful town, has recently become a hotbed of strange activity. Joutarou Kuujou, now a marine biologist, heads to the mysterious town to meet Jousuke Higashikata. While the two may seem like strangers at first, Jousuke is actually the illegitimate child of Joutarou&#039;s grandfather, Joseph Joestar. When they meet, Joutarou realizes that he may have more in common with Jousuke than just a blood relation. Along with the mild-mannered Kouichi Hirose and the boisterous Okuyasu Nijimura, the group dedicates themselves to investigating recent disappearances and other suspicious occurrences within Morioh. Aided by the power of Stands, the four men will encounter danger at every street corner, as it is up to them to unravel the town&#039;s secrets, before another occurs. [Written by MAL Rewrite]"
32281,Kimi no Na wa.,9.16,2016-08-26 00:00:00,,1,Movie,Finished Airing,Original,PG-13 - Teens 13 or older,823.939,1 hr. 46 min.,2,27,39.379,"Mitsuha Miyamizu, a high school girl, yearns to live the life of a boy in the bustling city of Tokyo—a dream that stands in stark contrast to her present life in the countryside. Meanwhile in the city, Taki Tachibana lives a busy life as a high school student while juggling his part-time job and hopes for a future in architecture. One day, Mitsuha awakens in a room that is not her own and suddenly finds herself living the dream life in Tokyo—but in Taki&#039;s body! Elsewhere, Taki finds himself living Mitsuha&#039;s life in the humble countryside. In pursuit of an answer to this strange phenomenon, they begin to search for one another. Kimi no Na wa. revolves around Mitsuha and Taki&#039;s actions, which begin to have a dramatic impact on each other&#039;s lives, weaving them into a fabric held together by fate and circumstance. [Written by MAL Rewrite]"
32935,Haikyuu!!: Karasuno Koukou VS Shiratorizawa Gakuen Koukou,8.98,2016-10-08 00:00:00,2016-12-10 00:00:00,10,TV,Finished Airing,Manga,PG-13 - Teens 13 or older,282.253,24 min. per ep.,16,266,4.698,"After the victory against Aoba Jousai High, Karasuno High School, once called “a fallen powerhouse, a crow that can’t fly,” has finally reached the climax of the heated Spring tournament. Now, to advance to nationals, the Karasuno team has to defeat the powerhouse Shiratorizawa Academy. Karasuno’s greatest hurdle is their adversary’s ace, Wakatoshi Ushijima, the number one player in the Miyagi Prefecture, and one of the country’s top three aces. Only the strongest team will make it to the national tournament. Since this match is the third-year players’ last chance to qualify for nationals, Karasuno has to use everything they learned during the training camp and prior matches to attain victory. Filled with restlessness and excitement, both teams are determined to come out on top in the third season of Haikyuu!!. [Written by MAL Rewrite] "
32983,Natsume Yuujinchou Go,8.64,2016-10-05 00:00:00,2016-12-21 00:00:00,11,TV,Finished Airing,Manga,PG-13 - Teens 13 or older,86.942,23 min. per ep.,62,1039,485.0,Season 5 of Natsume Yuujinchou.
33095,Shouwa Genroku Rakugo Shinjuu: Sukeroku Futatabi-hen,8.85,2017-01-07 00:00:00,2017-03-25 00:00:00,12,TV,Finished Airing,Manga,PG-13 - Teens 13 or older,82.935,24 min. per ep.,24,1070,1.544,"Even after having risen to the utmost rank of shun&#039;ichi, Yotaro struggles to find his own identity in the world of rakugo. Caught between his master&#039;s teachings and the late Sukeroku&#039;s unique style, his performance lacks an important ingredient—ego. And while his popularity packs the theaters, he is but one of the few; rakugo is under threat of being eclipsed. Meanwhile Yakumo, regarded by many as the last bastion of preserving the popularity of rakugo, struggles to cope with his elderly state. Even though his performances are still stellar, he fears that he is nearing his limits. His doubts grow stronger as an old friend creeps ever closer. Konatsu, for her part, attempts to raise her son as a single mother, which Yotaro is heavily opposed to. Instead, he seeks to persuade her to marry him and in turn raise her son as his own. In Shouwa Genroku Rakugo Shinjuu: Sukeroku Futatabi-hen, the curtains fall on Yotaro and Yakumo&#039;s story, tasked with restoring the near-obsolete art form as well as overcoming their internal conflicts. [Written by MAL Rewrite]"
33255,Saiki Kusuo no Ψ-nan,8.56,2016-07-04 00:00:00,2016-12-26 00:00:00,120,TV,Finished Airing,Manga,PG-13 - Teens 13 or older,184.193,5 min. per ep.,81,469,4.291,"To the average person, psychic abilities might seem a blessing; for Kusuo Saiki, however, this couldn&#039;t be further from the truth. Gifted with a wide assortment of supernatural abilities ranging from telepathy to x-ray vision, he finds this so-called blessing to be nothing but a curse. As all the inconveniences his powers cause constantly pile up, all Kusuo aims for is an ordinary, hassle-free life—a life where ignorance is bliss. Unfortunately, the life of a psychic is far from quiet. Though Kusuo tries to stay out of the spotlight by keeping his powers a secret from his classmates, he ends up inadvertently attracting the attention of many odd characters, such as the empty-headed Riki Nendou and the delusional Shun Kaidou. Forced to deal with the craziness of the people around him, Kusuo comes to learn that the ordinary life he has been striving for is a lot more difficult to achieve than expected. [Written by MAL Rewrite]"
33352,Violet Evergarden,8.59,2018-01-11 00:00:00,2018-04-05 00:00:00,13,TV,Finished Airing,Light novel,PG-13 - Teens 13 or older,417.529,23 min. per ep.,75,129,9.28,"The Great War finally came to an end after four long years of conflict; fractured in two, the continent of Telesis slowly began to flourish once again. Caught up in the bloodshed was Violet Evergarden, a young girl raised for the sole purpose of decimating enemy lines. Hospitalized and maimed in a bloody skirmish during the War&#039;s final leg, she was left with only words from the person she held dearest, but with no understanding of their meaning. Recovering from her wounds, Violet starts a new life working at CH Postal Services after a falling out with her new intended guardian family. There, she witnesses by pure chance the work of an &quot;Auto Memory Doll,&quot; amanuenses that transcribe people&#039;s thoughts and feelings into words on paper. Moved by the notion, Violet begins work as an Auto Memory Doll, a trade that will take her on an adventure, one that will reshape the lives of her clients and hopefully lead to self-discovery. [Written by MAL Rewrite]"
33486,Boku no Hero Academia 2nd Season,8.73,2017-04-01 00:00:00,2017-09-30 00:00:00,25,TV,Finished Airing,Manga,PG-13 - Teens 13 or older,694.889,23 min. per ep.,36,49,13.223,"At UA Academy, not even a violent attack can disrupt their most prestigious event: the school sports festival. Renowned across Japan, this festival is an opportunity for aspiring heroes to showcase their abilities, both to the public and potential recruiters. However, the path to glory is never easy, especially for Izuku Midoriya—whose quirk possesses great raw power but is also cripplingly inefficient. Pitted against his talented classmates, such as the fire and ice wielding Shouto Todoroki, Izuku must utilize his sharp wits and master his surroundings to achieve victory and prove to the world his worth. [Written by MAL Rewrite]"
33674,No Game No Life: Zero,8.66,2017-07-15 00:00:00,,1,Movie,Finished Airing,Light novel,PG-13 - Teens 13 or older,275.541,1 hr. 46 min.,56,276,3.756,"In ancient Disboard, Riku is an angry, young warrior intent on saving humanity from the warring Exceed, the sixteen sentient species, fighting to establish the &quot;One True God&quot; amongst the Old Deus. In a lawless land, humanity&#039;s lack of magic and weak bodies have made them easy targets for the other Exceed, leaving the humans on the brink of extinction. One day, however, hope returns to humanity when Riku finds a powerful female Ex-machina, whom he names Schwi, in an abandoned elf city. Exiled from her Cluster because of her research into human emotions, Schwi is convinced that humanity has only survived due to the power of these feelings and is determined to understand the human heart. Forming an unlikely partnership in the midst of the overwhelming chaos, Riku and Schwi must now find the answers to their individual shortcomings in each other, and discover for themselves what it truly means to be human as they fight for their lives together against all odds. Each with a powerful new ally in tow, it is now up to them to prevent the extinction of the human race and establish peace throughout Disboard! [Written by MAL Rewrite]"
34591,Natsume Yuujinchou Roku,8.73,2017-04-12 00:00:00,2017-06-21 00:00:00,11,TV,Finished Airing,Manga,PG-13 - Teens 13 or older,75.12,23 min. per ep.,41,1182,577.0,"Takashi Natsume has grown accustomed to his encounters with youkai through the Book of Friends, which contains the names of youkai whom his grandmother, Reiko Natsume, has sealed in contracts. These encounters allow Natsume to better understand the youkai, Reiko, and himself. The Book of Friends is a powerful tool that can be used to control youkai; it is sought after by both youkai and exorcists alike. Natsume just wants to live out his daily life in peace but is constantly disrupted by these experiences. If he is to end this torment, Natsume must explore more about the book and the world of exorcism, as well as begin to open his heart to those who can help him. [Written by MAL Rewrite]"
34599,Made in Abyss,8.89,2017-07-07 00:00:00,2017-09-29 00:00:00,13,TV,Finished Airing,Web manga,R - 17+ (violence &amp; profanity),392.031,25 min. per ep.,19,145,14.588,"The Abyss—a gaping chasm stretching down into the depths of the earth, filled with mysterious creatures and relics from a time long past. How did it come to be? What lies at the bottom? Countless brave individuals, known as Divers, have sought to solve these mysteries of the Abyss, fearlessly descending into its darkest realms. The best and bravest of the Divers, the White Whistles, are hailed as legends by those who remain on the surface. Riko, daughter of the missing White Whistle Lyza the Annihilator, aspires to become like her mother and explore the furthest reaches of the Abyss. However, just a novice Red Whistle herself, she is only permitted to roam its most upper layer. Even so, Riko has a chance encounter with a mysterious robot with the appearance of an ordinary young boy. She comes to name him Reg, and he has no recollection of the events preceding his discovery. Certain that the technology to create Reg must come from deep within the Abyss, the two decide to venture forth into the chasm to recover his memories and see the bottom of the great pit with their own eyes. However, they know not of the harsh reality that is the true existence of the Abyss. [Written by MAL Rewrite]"
34612,Saiki Kusuo no Ψ-nan 2,8.67,2018-01-17 00:00:00,2018-06-27 00:00:00,24,TV,Finished Airing,Manga,PG-13 - Teens 13 or older,95.886,24 min. per ep.,53,964,1.032,"The disastrous life of the gifted psychic Kusuo Saiki continues, despite his utmost effort to live an ordinary life. Although he has certainly grown accustomed to dealing with his troublesome friends—who are his biggest hurdle to achieving a peaceful life—he still has a long way to go. Also joining the usual oddballs are a few new faces whose shenanigans add to Saiki&#039;s misery, making his dreams of a hassle-free life a distant fantasy. [Written by MAL Rewrite]"
35247,Owarimonogatari 2nd Season,9.0,2017-08-12 00:00:00,2017-08-13 00:00:00,7,TV,Finished Airing,Light novel,R - 17+ (violence &amp; profanity),132.801,22 min. per ep.,15,687,2.854,"Following an encounter with oddity specialist Izuko Gaen, third-year high school student Koyomi Araragi wakes up in a strange, deserted void only to be greeted by a joyfully familiar face in an alarmingly unfamiliar place. Araragi, with the help of his girlfriend Hitagi Senjougahara, maneuvers through the webs of his past and the perplexities of the present in search of answers. However, fate once again delivers him to the eccentric transfer student Ougi Oshino, who brings forth an unexpected proposal that may unearth the very foundation to which he is anchored. As Araragi peels back the layers of mystery surrounding an apparition, he discovers a truth not meant to be revealed. [Written by MAL Rewrite]"
35839,Sora yori mo Tooi Basho,8.61,2018-01-02 00:00:00,2018-03-27 00:00:00,13,TV,Finished Airing,Original,PG-13 - Teens 13 or older,144.464,23 min. per ep.,71,624,3.575,"Filled with an overwhelming sense of wonder for the world around her, Mari Tamaki has always dreamt of what lies beyond the reaches of the universe. However, despite harboring such large aspirations on the inside, her fear of the unknown and anxiety over her own possible limitations have always held her back from chasing them. But now, in her second year of high school, Mari is more determined than ever to not let any more of her youth go to waste. Still, her fear continues to prevent her from taking that ambitious step forward—that is, until she has a chance encounter with a girl who has grand dreams of her own. Spurred by her mother&#039;s disappearance, Shirase Kobuchizawa has been working hard to fund her trip to Antarctica. Despite facing doubt and ridicule from virtually everyone, Shirase is determined to embark on this expedition to search for her mother in a place further than the universe itself. Inspired by Shirase&#039;s resolve, Mari jumps at the chance to join her. Soon, their efforts attract the attention of the bubbly Hinata Miyake, who is eager to stand out, and Yuzuki Shiraishi, a polite girl from a high class background. Together, they set sail toward the frozen south. Sora yori mo Tooi Basho follows the captivating journey of four spirited girls, all in search of something great. [Written by MAL Rewrite]"
35843,Gintama.: Porori-hen,8.57,2017-10-02 00:00:00,2017-12-25 00:00:00,13,TV,Finished Airing,Manga,PG-13 - Teens 13 or older,62.626,23 min. per ep.,77,1387,498.0,Sixth season of Gintama.
36456,Boku no Hero Academia 3rd Season,8.73,2018-04-07 00:00:00,2018-09-29 00:00:00,25,TV,Finished Airing,Manga,PG-13 - Teens 13 or older,448.218,23 min. per ep.,37,108,6.81,Third season of Boku no Hero Academia.
36838,Gintama.: Shirogane no Tamashii-hen,8.81,2018-01-08 00:00:00,2018-03-26 00:00:00,12,TV,Finished Airing,Manga,PG-13 - Teens 13 or older,53.707,24 min. per ep.,28,1548,463.0,First Season of the final arc of Gintama.
37208,Mo Dao Zu Shi,8.68,2018-07-09 00:00:00,2018-10-06 00:00:00,15,ONA,Finished Airing,Novel,R - 17+ (violence &amp; profanity),18.264,24 min. per ep.,50,2958,463.0,"As the grandmaster who founded the Demonic Sect, Wei Wuxian roamed the world in his wanton ways, hated by millions for the chaos he created. In the end, he was backstabbed by his dearest shidi and killed by powerful clans that combined to overpower him. He incarnates into the body of a lunatic who was abandoned by his clan and is later, unwillingly, taken away by a famous cultivator among the clans—Lan Wangji, his archenemy. This marks the start of a thrilling yet hilarious journey of attacking monsters, solving mysteries, and raising children. From the mutual flirtation along the way, Wei Wuxian slowly realizes that Lan Wangji, a seemingly haughty and indifferent poker-face, holds more feelings for Wei Wuxian than he is letting on. (Source: Exiled Rebels Scanlations)"
37491,Gintama.: Shirogane no Tamashii-hen - Kouhan-sen,8.84,2018-07-09 00:00:00,2018-10-08 00:00:00,14,TV,Finished Airing,Manga,PG-13 - Teens 13 or older,35.009,24 min. per ep.,25,2044,255.0,Second Season of the final arc of Gintama.
37991,JoJo no Kimyou na Bouken: Ougon no Kaze,8.85,2018-10-06 00:00:00,,39,TV,Currently Airing,Manga,R - 17+ (violence &amp; profanity),73.293,23 min. per ep.,23,1213,840.0,"Naples, 2001. Giorno Giovanna is a small-time crook with one big dream—to become a &quot;Gang-Star.&quot; No ordinary thief, Giorno has a connection to the remarkable Joestar bloodline, and possesses a Stand named Gold Experience. His dream starts to become reality when he meets Bruno Buccellati, a mobster from the gang Passione and a fellow Stand user himself. Realizing that they share similar ideals, and both disagree with the gang&#039;s harmful affairs, Giorno reveals his goal to Bruno: with Bruno&#039;s help, he will reform Passione by overthrowing the boss. As Giorno becomes a member of Passione, and is inducted into Bruno&#039;s squad, he discovers that it is no simple gang; its numbers are teeming with Stand users. Now confronted by other squads of differing loyalties and unpredictable caliber, their goal to change the gang from the inside out will be a tough one. Taking on these adversaries, Giorno attempts to rise through the ranks and inch closer to the boss, a man who is shrouded in mystery. [Written by MAL Rewrite]"
38262,Pingu in the City 2nd Season,8.52,2018-10-06 00:00:00,2019-03-30 00:00:00,26,TV,Currently Airing,Other,G - All Ages,2.089,7 min. per ep.,99,7058,29.0,"Looking for information on the anime Pingu in the City 2nd Season (Pingu in the City)? Find out more with MyAnimeList, the world&#039;s most active online anime and manga community and database."
